NDWI,NDTI,TWI,MBWI,WRI
0.2249631874908971,0.7667503391601147,0.26074627745661383,0.03185711415450763,-0.5120283012788931
-0.4343854036214937,-0.28622802864082486,0.680454027837287,0.20031287910571113,0.3097233195678464
-0.8626981784215514,0.7424963566380718,0.294281591693702,-0.4879927188396107,-0.47361468005082835
-1.1324075201389614,-0.47238736193802106,-0.06483647850794663,-0.1553740861573728,-0.31076273679022415
-0.594436393316814,-0.8563375984492129,-0.3838437905079042,-0.19563771096712823,-0.06539136709453555
-0.09275813605443868,-0.750790430196358,-0.12011455891575247,-0.009437968712388632,-0.6751244457531721
0.5440523560798711,-0.42771174678176205,-0.34140299608044006,0.7522647461025721,0.6931095894930499
0.19815965177921063,-0.6148968797553533,-0.5823444182391634,0.23369494036186506,-0.08908510916319527
-0.9213602573145391,-0.36886530859777683,-0.6729208755445849,0.48683751974839684,-0.35906444586029285
-0.12785857736848993,-0.4859928887108952,-0.07368743281125976,-0.030460849411280685,-0.4691051805842779
2.310231846856897,1.0327385676266856,0.8518046192736606,0.5684650077801875,0.14572754730185014
-0.7017196465574673,-1.22935379324459,-0.6920946665078909,-0.673287205293589,-0.2600019202763378
-0.5692257866143011,-0.32385716670882597,0.37572504656152056,-0.2611365738947146,-0.3260866548637138
-0.05725563581214002,,0.508735830664021,-0.43539278630486794,0.7247482578215927
0.3859801695834727,-0.6450712385095457,-0.5780234033194154,0.49266641078876505,0.3079144012733477
-0.2792642142933939,-0.17868866908226216,-0.8540883833352155,-0.30816368890962403,
-0.10785604201119162,-0.21817958973532217,-0.4826792461090061,-0.6525448522053499,
0.5293000776069501,0.6333430880541728,0.3341109929570205,0.5204780626262037,-0.041359057038825524
0.09706175239816428,0.7650489034489943,0.5279539224341588,0.16471903224565068,0.4033441376966478
-1.1264632882754746,-0.45689795517245135,-0.42396341296313517,-0.7653665220560256,-0.5836673441018575
-0.5292525891267368,0.34791680868808833,-0.12816435660833717,0.13359400378650263,0.6066769710167486
-1.1652631963524525,-0.3270131318581607,0.14083429499816308,-0.49687149900758587,-0.6296802200439024
0.20837893992396703,-0.027001178188539893,0.8206792911463742,0.46067374826186264,0.19857616388897512
1.3326678734538044,0.44691676034751443,-0.3358629942312065,0.5478546064408076,0.05856230501119016
0.03255032640435554,0.19925497209429557,-0.518565295992464,-0.6138886916269596,-0.404978039334878
-0.11199819832597613,0.6363168494399969,0.3939368773232507,-0.6701046621991004,0.015997736299429813
-0.5856006737008258,-0.5531403951713673,-0.4737114822949696,-0.08929725088976792,0.6592866067101926
0.18522289816966636,0.4398877322693117,0.44811299993830755,-0.04513650302305745,0.7022641537905979
0.15701064898868286,-0.6389675552685473,-0.1545070337034583,-0.3362727802063283,-0.32027245984960334
-1.6556931648486728,-0.1309278327916719,-0.2335007457659284,-0.6787116478128108,-0.32949249065351705
0.6923069447609631,-0.41641571051853243,-0.3668763697781328,0.1308384017519949,0.7229077103288815
-0.1881870789400467,0.5407640957635744,0.4025482408165015,-0.29003694426263477,0.33970802794111105
-0.38031370086038124,0.08238669675078487,0.06186140231889701,-0.07367594771607919,-0.6098680269345231
-0.36000011927019543,-0.675361061280573,,-0.5999461807859982,0.13529732936335526
-0.364568568168592,-0.8250879251796255,-0.018958545509869862,-0.3300880104379054,0.21609478304544066
-0.35176124361072175,0.17514014724323862,,0.48800418853535854,-0.5395627700780832
-0.051155592340046685,-0.3242870261305375,0.6927976216611073,0.4429126549299192,-0.3603123649803528
0.4763829856154857,0.42813500403545285,-0.0033462536136883393,-0.036711848143919465,-0.3842619063407712
0.014582909890875566,0.9398809084204899,0.603034793575039,0.13362590237924463,-0.23960979383259137
1.1590181330824134,1.0290061189094062,0.8532738951733687,0.6123166717569468,0.4166045523492993
0.16468005185129447,-0.7469688228634666,-0.3467103069397788,0.5761052394356531,0.1584233828667405
-2.280581624968609,-0.9583004443932339,-0.04570927358236517,-0.7773416935102312,-0.5048990952985407
0.30213827004098964,0.4719347506500268,0.22225428512670584,-0.313089122614909,0.315836202325017
0.1104160717778758,0.18138717805004348,0.565927328998414,0.3087836953061178,0.5198312776952444
-0.4460794300025228,-0.4080771223167316,-0.7634053631528394,-0.25087089798695966,-0.349504499240499
0.5595437258186265,0.9557613271669214,0.018519807893918275,0.5746080620842287,0.1952044377863736
0.33295765314352066,-0.1322519946221472,-0.0002827168939051121,,-0.45364148644945684
-0.4055354353615849,-0.8966695161553299,-0.8097115923254946,0.10209518794317847,-0.4806320625540693
1.0794546754808847,0.7368041359754376,0.4118646237341574,-0.32222550617737516,-0.7212597969080737
2.252413645983681,0.6563943919165209,1.0149198827111483,0.73870478847827,0.5254669382399826
-0.7880406617692598,-0.2002850989402205,0.354125210704491,-0.3488597931219172,-0.49197162221911994
0.43652288541052664,0.6647271798721409,0.17284861715863725,-0.02479385122226852,-0.5996168974826236
0.8219282662082065,0.7938734064365454,-0.4059247821109039,0.13789124408265763,0.5617330346510631
0.4792352853442078,0.30674695299335386,0.18624104595469074,-0.25361234045192493,-0.3072457690361403
1.8878730862229622,0.986700900112533,0.7129299191450622,0.5677240407954263,0.016883557959836936
1.0599544200509166,0.8929601391285427,0.4140241408125705,0.3642729522360888,0.44029774827601065
0.01415827468783278,-0.4835708613826207,-0.3008676747134093,-0.5310576833114545,0.11652273155061982
-1.1167152582473137,-0.05094885609046087,0.027959125482834433,-0.2643395215947016,0.13520848969431024
-1.6998327833725007,-0.8221744811384337,0.30849735039353343,-0.30246111026832534,-0.5551334887224355
-0.22540267320756788,0.016423989139700095,-0.5563589705807914,0.043813533425858815,-0.6172248211162097
-0.39407454179244933,0.28402777465824086,0.19625179108916935,0.2552942383365795,0.33654486885217694
0.9517237815971414,-0.14212158540071418,-0.2609177308191301,0.33457735204912215,-0.3411242203505276
-0.04989150956425764,-0.6925126833304651,-0.4477474254212279,0.7322850872464784,0.5001181767250792
-0.7640411930230139,-0.7082166971186942,-0.7180188239456702,-0.5438724781266634,-0.37177219355609087
0.6705276471984863,0.6939207648713901,0.34687683401384223,-0.1644927622486349,0.6770829014347999
0.2650950583161699,-0.012367876657298087,0.048801155240942806,-0.18524153293354592,-0.37551125757851966
-1.5041050621096,-0.38911658192725673,-1.055724520464673,-0.6600766449880974,-0.6757909681201972
-0.8039304186949795,0.49651839207663123,0.15220956802751873,-0.155543378678046,-0.5986379372973211
-0.5673967209991405,-0.39456985084345336,-0.5668305384410824,-0.12068776148313295,-0.15107925761211577
-0.11203643469813593,-0.10012819353119817,-0.6977924421175725,-0.13359169488671474,0.18734689264893373
-0.37644687497544627,0.32219011968807804,-0.03387269739151878,-0.5887340771688224,-0.6392234598625953
0.5483084911819427,-0.5122346319063157,0.3116303113729338,0.6237615459109049,0.11234595717021781
0.4208645306890506,0.5097546739361812,0.11999253396688665,0.19432297664822004,0.6571358296943661
-0.21136970717141576,0.7070558416200972,0.3583446624460177,-0.5442252211491451,-0.6410207863049684
-1.9201568880911093,-1.3389044310915015,,0.1216754587555567,-0.6383007154237159
-0.2718774520152832,0.19218441950024107,-0.7136153093372611,0.3642062112849429,-0.3247168080518786
0.33922748117303436,0.7348390516983222,0.4180971152641741,0.5857874414937049,0.34991148181277476
0.7255516446235086,-0.3296072347603887,-0.295968459745131,0.4340100558197355,0.4567342559563262
0.9686168005926875,-0.24173711434498893,-0.1646517746497267,0.32986623936745435,-0.23696950601830555
1.7860437491493049,0.8129510192005829,0.07315289083753393,0.41872132094053904,0.3788959831656707
-0.10762511341933416,0.7005163310465933,0.05052283832645948,0.3920014837331981,-0.2678624714352751
0.3054740126406836,-0.6756192937331967,-0.7748092088084275,0.4313673986543129,-0.6083840963487631
0.8041267994667527,1.2325606665387967,0.7724139561840708,0.13971681314366485,0.19624430777142396
0.012446165226029775,-0.2566445865771094,-0.10955705394590486,0.31107250328712505,0.37566832621466667
0.005642370130988601,-0.11749118495489443,-0.8035222673363557,-0.13993931175656255,-0.6585892817441872
-0.1913046749702743,-0.09574881085161496,0.4021983817639795,-0.3181168711858426,-0.5700091578637404
-1.3076190107925156,0.11340268462052373,-0.11236106732803945,-0.6690970052490015,-0.6190715853100036
0.10143765810067075,-0.655097635855479,0.40782239683967125,0.15644495011687073,-0.6231770028235878
-0.2805174589933017,0.8737916620108888,-0.11880066942465176,-0.08310640243579344,0.4656131113314866
1.0480906667150014,0.7092179410259336,0.19024014876887518,-0.29354424155053765,-0.6199737706338394
0.6806072184489508,-0.04861292504124293,-0.12751677827304736,0.43865000807826343,-0.5787461649776504
-1.5774012638497792,-1.2717765325070944,-0.34565643815575653,-0.7199225841744172,-0.5674028821278214
0.2446454320998286,0.7757114091772849,0.5858877501071126,0.2520710435205604,0.6879600255011935
0.004803997799260242,,0.6531836395565521,-0.23893008117609155,0.689522973828993
-0.3658640026009518,0.6070865524051787,-0.5625997855351416,0.5424395601488414,0.041234071076534165
1.2517384862747254,-0.47931878812797857,0.2521204172724962,0.6477993884812914,0.03438195002443654
0.6857904206942748,0.40003528480395345,0.005456778822416495,0.1994122091399486,0.12550480631570166
1.1339498307259388,-0.5163250884749518,-0.035808365834990065,0.731808468485896,0.5809213108912639
-0.6460555939192942,-0.11911416212738601,-0.4645194031232212,-0.43676635482016324,-0.05403619567119213
0.5438257241045416,0.3056725294653122,-0.3052130317692663,0.7932552722162286,0.7237417221667093
0.8714634111840887,0.15248394599283457,-0.11688857278246853,0.48377351444687233,0.27497882035724713
0.9361649768012678,,0.7385861195025181,0.6817635428920606,0.3359913938192863
0.5826549295650371,0.05824235942548506,0.6199429977042906,0.3638961934109613,-0.6769579377742871
-0.47910466998406087,0.005860448950964145,0.5125825538669199,0.5608880464674922,-0.5203667013651089
1.3555419385134466,0.5214073041620837,0.9729206857458413,,0.5036141265618271
-0.5935338542614872,-0.2661858840625766,-0.3620529474259446,-0.4967486117291311,0.5429020310649272
2.011538195972358,1.43360726669606,0.8899705799720713,0.15614419624558085,0.40039718849134
0.5470633372026988,0.1361898752375491,-0.5495801712087109,,-0.5520091988399612
1.112488797759137,0.10850461849496383,-0.3159229830026102,0.269807109826538,0.17583802323625378
-0.20561166152283133,-0.33715832024200176,0.3765299011481384,0.1091741388385892,0.40535546375752346
0.9512142822596359,0.9025462140168892,0.24524846527756644,0.19586308884879453,0.5606620794446099
-0.5719686639418691,-0.8154331318832724,-0.595746851974074,0.3844025909038244,0.17908498090237798
-1.0790664890004196,-1.0615982650665958,-0.7850798820753069,-0.7076345818068837,-0.22240565172656754
0.3929528850352391,-0.16918505734267336,-0.017014676485278976,0.5065477167749797,-0.2258770520250131
0.7803367262056565,0.6785079349205649,0.02033828750907527,0.275095727672708,0.5393910718690159
0.6779155734913469,-0.4179836404762204,0.5645188062813722,-0.08306729745319906,-0.35986169524749834
0.32956961748229796,0.8251250206009448,-0.018725732214119648,-0.1939654142105788,0.19857184387200988
-2.2172551848034288,,-0.8340368311332536,-0.6120545362026326,-0.5181550324410278
-0.6748003720833237,,-0.39271157523648675,-0.09209443329906404,0.590633445232748
-1.1090209320877615,-0.390276724892119,-0.787459306837722,-0.5575290198978359,-0.6834331452706572
-2.1837474014365417,-1.0357506425804537,-0.7849802734857778,-0.6751336356633991,-0.5646967926876878
-0.31685065502776555,-0.48214216385658526,-0.13586516108807611,0.06160750679050973,0.2834093707890757
-0.6484776432151728,0.6818147933477114,0.1982486522094381,-0.45943559372498105,0.556084866172782
0.8374792567163419,-0.6407814550715566,-0.14565276146018002,0.49240258615762733,0.36954324416493955
-0.9628421043972347,-0.5256651725242674,-0.16033156094007153,0.014230281043130566,0.17602636916913622
-0.9534477386010298,-0.20894513306845333,0.1300156032164613,-0.7067552286407747,-0.3685062789739065
0.482357551391475,0.44080970221757265,-0.12137980462074498,-0.07362685495912517,-0.5847382194988947
-0.7716593620417422,-0.3181604702883356,-0.5239395484534884,-0.3518276130294971,-0.1826668212090802
-2.0762063277321943,-0.8409279841523088,-0.6506478020321905,-0.34929060937134354,-0.565997384209756
1.4508932551059244,0.4137071419160593,0.37498203136203323,0.3944337783813822,-0.002318841454406664
-0.4387279045252576,0.18502213650936086,0.19181631237081273,0.31474007658183745,-0.10172715898807365
-0.8354348642881995,-0.3718855779086555,-0.13491627528173591,0.2204357790058825,0.10535598543373466
-0.4501306701837924,0.5499684835898614,-0.07844049376941366,-0.47794352474912766,-0.5927607366454821
-1.9575534620016977,-0.9602480499794003,-0.7139119130719375,-0.4923030412319894,-0.3198933682099782
-0.7099720562257434,0.2926342221857444,-0.675155690220025,0.006676038177300339,-0.13337746128073172
1.4825106050070544,-0.3192349087684077,0.14199650565633012,0.7504319613379637,0.5440701583874828
0.7396041752432898,-0.32984352562016545,-0.28713319989735925,0.35871566181458814,0.639141198249003
0.0051706582497736174,-0.14606945498801235,-0.3682223249041263,0.2744316056062485,-0.46584634122851565
-1.187155403541745,-0.4681720360249297,-0.22349665494425142,-0.46696144312165117,-0.5733288763019945
-0.4146145750517336,-0.4426245863101256,0.0005934267816441953,-0.4776515184985008,-0.028073618936768976
-1.5379356741478047,-1.3122273616733378,-0.5444911680319006,-0.6298328006065669,-0.6499316487737266
0.9572362937672536,-0.03691468894298376,0.46509183291260553,-0.2807875599276306,0.2701731589681132
0.3121678770764438,0.00820147423076128,-0.13187218536825757,-0.16559081154388952,-0.22496487847730254
1.4047797908815698,0.9271978479185901,0.6795138596977058,-0.44402453062227515,0.3436543227258424
0.5171871359416548,-0.7403823657782016,-0.5597452148362233,0.351552991331225,0.11085583730905565
-0.17278443599911275,-0.7095630633383159,0.2261789934252801,,
-0.2929471937178516,0.5828047870388352,0.20931196499456506,-0.010720395538542062,-0.2101357686927527
0.7393727815946339,-0.03435633450861192,0.4217923602495053,-0.1199207808337607,-0.18317252669014314
-0.32253210849661007,-0.3105711562816405,0.28136102166923393,-0.07637128857365169,-0.398610782236538
1.4063759077424531,0.07777836816227393,0.2534889872914935,0.5922442211557402,0.1849326082202721
-0.7830402467104867,0.5507824685679164,0.00313269753542321,-0.3333389181761075,-0.5369561539485478
1.594487447202723,0.5700283092799809,0.2965148983930537,0.6242196984315834,0.42958705671489694
-1.311044380387778,-0.7195558207966535,-0.48440275820267065,0.19363430248912897,-0.6943533084209776
0.9194002206716523,0.8856803134837753,,-0.11957978600299475,0.478202749696149
,0.4415457242455081,-0.49732491778991766,-0.0513559043260092,0.44253456441356437
-0.3165083939997058,-0.10577792697799798,0.47278214895445314,0.3427001287443131,0.21010319509392292
-0.3632459666017043,-0.38838841857836776,-0.558364329434213,-0.3059451000710728,-0.4739529502388768
1.2330416992950584,0.3334748131847857,,0.08188179877025763,0.6657969166304852
-0.958381087634386,,-0.13738096728633456,0.008087463796491038,-0.717309869055629
1.9873136265852256,1.131422995667697,0.3295205886611988,0.39490699867434553,0.6289051264691926
0.1856282166790033,-0.5347039923319133,0.12532148153976647,0.12304280015936425,-0.11293415300810328
0.8757827465466823,0.8064752586466575,0.4933579168899515,,-0.5757087146878476
1.9271042842455348,0.6799024362304537,-0.29541975567139744,0.6853362398069786,0.550603690152051
-0.7490674058628615,-0.20656098115889956,-0.3710774029081367,-0.6573159857544484,-0.245314677849583
-0.18444769337913244,-0.9876386146816433,-0.2779078275477959,-0.12787965797445466,0.05566466471390402
0.7979696485669558,-0.31811660439597683,-0.17402900253324782,0.31004776698222336,-0.07112526850079352
-1.4005306458634708,-0.49384537816763785,-0.6663946963587581,-0.4424223820601431,-0.0024296274442901352
0.39336132142055547,0.7104506261583633,-0.13471292045565267,0.14960939200865886,0.19688002498276788
-0.8650703656850383,-0.019725183065364388,-0.47527120190588273,0.5245761050069024,-0.5229778349498881
-0.014009005562661084,-0.24766422685144765,0.8057283716559693,0.03152406529895034,0.14198393903861156
-0.659424788020169,0.16310425045791835,-0.425842928672407,,-0.4389099723097536
-1.5138386198774707,-1.059207204682318,-0.18735781090605438,-0.04133346160305593,-0.6464579007990915
0.33878920195559364,-0.14665597039052464,-0.020463538688693928,-0.11057439835495175,-0.14771765955422542
0.4081009733777992,-0.4080186756396084,-0.19780654654653163,0.6274821043699452,0.6640584901005568
-0.9856019207639954,-0.613734419962552,0.0098982140172346,-0.2665761966917137,-0.7064790324324274
-1.243133665522221,0.1272188863880464,,-0.7289587776930135,-0.4138541745890512
-1.0511489776743075,-0.05383048216195801,-0.7629565075937276,-0.45094450278634807,0.44643559731657856
-1.5610016049719815,-0.2707693990867692,-0.6397995524152107,-0.6238218150409012,-0.38229718881532354
1.1886948226385108,0.9308174678359474,0.5400146667518284,-0.09014010755054679,0.250200612786683
-1.5243057188260345,-0.49415106600762737,0.2882705491362336,-0.7890177571782635,-0.6169850689413989
-1.3733295900440279,-1.071831337727355,-0.4944626709349169,0.08990436971737807,-0.11696230846374141
0.5089869088382317,0.2408037685559674,-0.37271580378944813,-0.36451755412822784,-0.17908206408713892
-0.01079945205978765,-0.2973798656968334,0.18105164341713514,-0.108144182949966,0.07747405159474956
0.07369970192119468,-0.1189854275778624,0.6456633818544202,0.2523565958303277,-0.5357041425209028
1.4438633953504425,0.3617731417361268,0.6838037293373155,0.3871238669384992,-0.11132231791418287
-1.2358975040513678,-0.46090023247625195,0.017205825258056657,0.1098734997987149,-0.36039265995631076
-0.20115636813419102,0.7514474755719622,0.6322399892068691,-0.0631066907676624,-0.48871688209498443
-0.9963891834935449,-0.5905609330111713,0.539735670536796,-0.4991253855130201,0.11389745371029308
-0.10782351381128685,0.15455481166662807,0.23420456036205764,0.362504185576254,-0.4370022192638051
-0.35306265446458834,-0.08870795189172954,0.7834205757522537,0.5397269218969116,0.1450028143697227
0.5334993954964642,0.13475499995012097,-0.3918921121309767,0.5416385408920974,-0.12091291867322179
-0.8637301732178753,-0.30643395250920114,-0.7232984431601902,,0.35432137492226556
-1.3538838807904294,-0.20545370648338732,-0.5124765799442466,-0.21437546297490295,-0.31453677359160315
-0.19196015199975988,0.2216068789736033,-0.30030176926076335,0.08352134876530756,-0.035649815135565754
0.13206749960025707,0.5122205759168145,0.08303830326083321,-0.5294923486059714,-0.6978503232681595
-0.7204719668326757,-0.13348202433912656,-0.657926921730066,0.02400014596906574,0.144153972429501
-0.7696855530289263,0.12547627425315622,-0.6659122280418969,-0.5119590422002711,0.3396669556750272
0.12119664153145848,0.37120488496696485,-0.06508520613031755,-0.25088694643061593,0.47499497607380037
0.5545426580109707,0.09650609771072186,-0.3748631875937212,0.08164320675523024,-0.20694522364462578
-0.17663865541609333,0.5633257950154451,-0.42887788608108796,0.598707799003366,-0.08037229804186029
0.42858496654779893,0.6537769311824547,0.7733245666371866,0.4088145617387052,0.45632700556652667
0.5148441319779905,0.49646502905903916,0.45067685126888096,-0.34502243547389855,-0.015741311996469366
-0.008661784177633277,1.127034179183376,0.6084701266947793,-0.5674898345783945,0.30600584433909883
0.6478723951999426,-0.6208793961227694,0.06830424274634257,0.4280201445180262,-0.6937377339162948
1.7173872547722715,0.4624494535844762,0.987034861187534,0.776154637781988,0.6613062290016978
0.7787164032185719,1.024747238465466,0.5971290859542159,-0.1486733004928523,0.48960220318429726
-2.0608349307263047,-0.470744854688597,-0.7088737660838421,-0.6446828999249141,-0.629719976134409
-0.3452218672126885,-0.3833019853121479,0.12873860137106102,-0.6488010851260284,
0.7921853458664702,0.6455087421110205,-0.08963454040382546,0.28735366909022575,0.5745413967054066
-0.5292819480333968,-0.9883290616458008,,0.3622440405887953,-0.7126072489736172
2.154668065486571,0.8326741767511268,0.9715423068193986,0.5569416734137714,0.7411923631359907
-0.003253068850997778,0.4486483276806587,-0.10972033388151624,0.010650296100316124,0.1897963477423697
1.3311126266957372,0.9499346994111182,0.35676968771848205,-0.13581931152699472,-0.1170628564970628
-0.6138399598356007,-0.9443289256088967,-0.7334508864900421,-0.26216149107893433,-0.3167022126485736
-1.2811528331652076,-0.6930205045051178,-0.6858387775999107,-0.5125420982814385,0.7259918590746539
0.006686469827386129,0.12209866253081178,0.3540535736722774,-0.2501912187666062,0.6697829817168287
1.047251354805988,-0.32710311929387337,0.1720319380982027,0.6507383248858267,0.6619991914419149
0.10912378308675703,-0.04846520392943581,-0.45024764078895324,0.5905043654589878,-0.39941607040104526
0.8808521712084989,0.17188175961431898,0.06784220528875584,-0.06321999219098284,-0.4009074182585258
-1.0329962776595176,-0.7070008192157027,-0.44701885875448816,0.3369851563959428,-0.22309380093205747
1.1064694101419454,1.5839178261607996,0.9288511670363194,0.7321600520347483,0.7366876276238558
-0.6086433909528505,-0.1149750237979034,0.33371441962391085,0.16418250344958843,-0.5151880653370664
0.21505464198134785,-0.6115836348878411,-0.3789572147141085,0.07828848044846196,0.13834434813321533
-0.6152722655650129,-0.7228464439113811,0.3620373896976192,-0.4309024273101799,
2.208444105277837,1.2803071432895552,0.7250119754850191,0.4691108357104684,0.23108312536472536
-0.8579714363109496,-0.9761400792601196,-0.27696110205122887,-0.24570952336993018,-0.3576149072382983
-0.15880969003871923,-0.3321770548373787,-0.6731850717709146,-0.3273183679605965,0.27278708814856717
-0.4073286067795876,0.6426717499065211,0.02125232225015486,0.0011246428118687486,0.13755222394904387
0.5050073711019069,-0.2398133219016512,0.20853789333585696,0.020091120578269554,-0.34678657943729124
2.100844041110123,1.0026347295491593,0.5051880327905879,0.5886089506070166,0.5467302822133427
1.3428430686288684,0.8743894207567441,0.41222755169399966,0.28147760025462953,0.17655719070935844
0.5249379457023109,-0.43071120445884964,0.5355959912026288,0.3670125022771869,-0.7007319068110773
0.06412620550185032,-0.8797882275966319,-0.30186402775711957,0.23108563324283912,-0.5049707762521707
0.09503334772580957,0.23756975150001666,-0.23825426743020825,-0.7377819708907057,-0.317001197529669
0.6908420492532911,0.9103658293617316,0.17328022066731572,-0.28794172223821674,0.1994721824695137
0.38810407376505957,0.2927664231130061,-0.5030583806381452,0.3688078714177924,0.06142674767696126
1.0545522879681948,-0.246022209921157,0.20021986053706972,0.47111247972374803,-0.5916781915554892
0.59650879747192,0.030613397441717746,-0.6565383117935424,-0.20955187701656933,0.3098714449521949
-1.250807030887517,-0.22501058841559574,-0.3710411681214608,0.029271805907096743,-0.6761788925671732
1.6562217376359583,1.0359696123142583,0.6686562931258665,0.23030198191347004,-0.5506295873974669
-0.7147579732734614,-1.2608721684460564,-0.8035612952195998,-0.24427885785453102,-0.016905008842706543
0.9038424205171396,0.4957711334765227,0.029477733271059337,-0.16046774392240304,0.7399872297361376
0.076617546048289,-0.10833344477661903,-0.3455881894855253,0.4605234319116215,0.28830277658756376
-0.8544622893449993,-0.6485722999906387,0.24502903398247244,0.1431939060796725,
0.9837522969566964,-0.5207344349333748,0.01584856586347394,0.5818063824917217,-0.11948870021992679
0.5082522803226063,-0.21875768386109126,-0.21891794538592008,0.6338170985254872,-0.13495950707905333
-0.2607912212108652,-0.7732383735231003,-0.5454860046790188,-0.5949368004973038,0.22576138153957534
0.40063692513771326,0.5805660041552115,-0.002215895282242949,0.5453280477142626,-0.4681062840067675
2.048742232052924,0.9861887776846752,0.6364731290710937,0.5489084649990692,0.3885433526034279
0.09651513266620498,-0.7539748872533734,-0.5348666829754726,0.609606871893591,0.1736380787160267
-0.11907495889092154,-0.36389418020824155,-0.6486044240274673,-0.45635946397130894,0.2762204292650918
-0.9729994857812708,-0.6341366289489936,-0.13018124895398742,-0.5706125260099805,0.12201730270984429
-0.9165108883897435,0.024574676019709477,-0.4955269616546227,-0.207210652123007,-0.7269699313125463
-1.075152413412979,-0.2915625480469474,-0.07668766209043307,0.07428379774302118,-0.3101175483854936
0.40062636436045507,0.6372692066032264,0.26840803541562414,-0.6345380751225971,-0.029016091729945757
-1.0710240150031338,-0.19406329719028412,0.6303699426357559,-0.4885497786305974,-0.0016550225288870213
-0.3438954333934038,0.08563785648502815,-0.14130498166861644,-0.7213691938524728,-0.25831842068500394
-1.6374055557005556,-1.2703617518760917,-0.5514867795777072,-0.7635030438856979,-0.6273006668200093
0.05022483028064749,-0.30208332085802553,0.28412233527408987,0.34863376130427065,0.4474338293499815
-0.9379851852401178,-0.6906509224819638,,0.24806270883163117,0.307346350466184
-0.6378008573685454,0.5344876324191272,-0.5988057871897945,0.11891841994804314,0.31119390532271657
1.3853744238310308,0.7391712177457901,0.5324448641236608,-0.12509716214890623,0.46862820822296647
0.008839684254127374,0.8017637919429663,0.16352000090138746,0.41904995469447803,-0.07097590349535396
-0.4958059780019577,-0.21817737726097075,0.04723949186367927,-0.7028209800487248,
-0.37406156654236655,-0.08984411710368503,0.6614549430202676,-0.24113303140122921,0.7083420999559747
-0.16214452582467898,-0.2478185870636903,0.5014597589719302,0.21619581001080138,-0.0026857392525948868
1.2588974658233556,0.6560446240316671,-0.06900189631646626,0.8198012605871372,0.7067462509757557
-0.9249568492537374,-0.8354389789021943,-0.04678088627868137,-0.7245831405702658,-0.698640188858385
0.40976012599528805,0.4729506676291425,0.7399275809640339,0.38281340257521157,0.36127715734125293
-0.2660347296929773,-0.4640187949824604,-0.2092708948233571,0.5284086346642712,-0.6845635757638702
1.049986886646098,0.1653065075353759,-0.02324951435598062,0.30363076383388493,-0.01984374759533022
0.8889399512162744,0.5878279700420334,-0.16179151242479003,-0.27715076004304745,0.13746669858223465
1.0677308375123713,-0.19211305319222813,0.3242724051216164,0.24937840553565457,0.34699689839824155
-0.8197848058202554,0.3951953556847065,0.4229334569389355,-0.5159250756944612,-0.3906759531138043
0.6745960387427198,-0.42464183491756613,0.44868950416273323,-0.08614038017989913,-0.37625539871085256
0.6052415472417866,-0.07726444165184987,0.010513276503989701,-0.16443599920827687,0.1383605978645716
-0.4862497057375167,0.1913835259461521,0.7035418295460253,-0.2834244411974226,0.23330801470295237
0.16694745602397038,0.3275754138612231,-0.4284163099509791,0.627779658017611,-0.06878588612210607
-1.4551853177858263,-1.080416398432583,-0.5664105786029433,-0.021743145503688624,-0.24262648067061174
0.716075860013125,-0.13762106582129166,-0.2695409900063075,0.22181642460040843,0.30779512948379495
-0.9804625282214141,-0.7318738521977919,-0.5732817274561113,0.37182517384679814,0.24382877644260473
1.1274381183409703,1.0941086081828246,0.6428322857369166,0.22669986637371953,0.5481846993498237
-1.7998138749625632,-0.9951270539990188,-0.49516224031795225,-0.5955317822962716,0.046396934108758135
0.4076195326269174,-0.821546541403046,-0.43463679027885993,0.06447942912351992,0.6458381595965128
-0.7744540713738345,-0.17883407590899197,-0.6425842130323438,-0.3346965806271346,0.7243659817213445
1.434830541596677,-0.19140308794118313,0.8870480356398439,0.3000179469180571,0.5476592673359361
-0.24209862082196879,-0.1465427774261046,-0.0983187302065126,0.12010572522774283,-0.5363917281227826
-1.1629411386864117,-0.1706396151369833,0.2813148184160752,-0.35528867506246187,0.25816025128873793
0.9958784325059771,-0.3387330805001338,0.3887070753846751,0.03328302405851409,0.5479926394277532
,0.8868723448718082,0.7446517318390858,0.6619800117982597,0.27277110817440164
0.07989160856398193,0.21968731777036712,0.41483439697010804,-0.04401921100130057,-0.6990353093298242
1.0197374110580049,0.44991909700198196,0.23689408382232274,-0.34076392180031656,0.23650658723415932
,0.3262897638770853,-0.3634391379370821,0.36491572134107325,0.7433948222386887
0.31855150919852576,1.0619176871067793,0.09052211407411691,0.5907625828427143,0.42034068326885443
0.44679596038827674,0.5552918000076386,0.48651407065506813,-0.18263709577780626,-0.2574671969907571
1.2596767628818513,0.8059010107787007,0.4825139512170807,0.3874370630867867,-0.09588649202612269
-0.5854728017989043,-0.9158685100399657,-0.16683649466136585,-0.7274092328084754,-0.26111013588624704
-0.3905658691658705,-0.09808595217238293,0.24467595503952608,-0.16753195710310248,-0.07637133967709452
-1.401754828434534,-0.5333491039212104,-0.5276991100318608,-0.5519165489347571,0.15398685442399346
0.6511157711853968,0.35810186168467356,0.0416548450767887,-0.05550655028890975,0.5408348627582826
-0.7985330966999448,-0.5499880100457615,-0.8336242072878748,-0.252625567711562,-0.17833301745695634
0.34622350576204275,0.37428988878787733,0.19016097146117394,0.22657578397776662,0.3942880120570374
0.3266179849686475,0.34536933215575555,0.42380824390116373,-0.7488966891144895,-0.4528451233591617
-0.3279147988971288,0.7362146248615229,0.6916275375226436,-0.22259525557310444,0.6356558763553224
-1.1240861246390523,0.4521560998985215,-0.37076558884064986,-0.5485352357617713,-0.021030381277605915
-0.45050915256008184,-0.37224821979951433,-0.1797495731554131,0.4255317855629667,0.058292931912747294
-0.4486614239140585,0.2129250055561044,0.22368804658232844,-0.33636510379195345,-0.12868519022932912
-1.3233185112810013,-0.5068993320014018,0.1811505917663165,-0.427510432882442,0.03745657790889024
0.22936916128667437,-0.4135603912174792,0.19834001080678018,-0.19399799810642535,0.6890828673074596
-0.13906375019036576,0.4627885985933105,,-0.5837063925300513,0.1982004860555417
1.560936948360801,0.4030850962677091,0.5205333369259948,0.4433598634723488,-0.4047627831677832
0.3448182058596887,0.5075177819885336,0.13139924899293404,0.583756999267164,0.5954484295579529
-0.2575015805363582,-0.10691537983896357,0.4805975996755404,-0.21104738862085068,0.48022271232741964
,-0.017991495389228427,-0.601784123808621,0.15472078116204593,-0.07179549948485396
0.2479213914264072,-0.4125691468215093,0.38158528635785866,0.41073124633771696,-0.4216427284489775
-0.9778448759273752,-0.6227378690421175,0.27395858123545996,0.16021601544840308,0.06951073435159029
-0.04187706765594435,0.20012985935513147,0.3317551012835456,0.1414652501272557,0.7260858310035079
-0.48026565955221306,0.36554987761720414,-0.08915348611538955,-0.032976156186102445,0.32390189531009667
0.23775720519238144,0.5251313140596163,-0.6237998423227885,-0.4735457055662628,0.33393618652211604
-0.6443151205293401,-0.6276838682466015,-0.6408093396699955,-0.447946279847723,0.586766923049309
-1.7324007006416915,-0.8479748982794344,-0.63702324982533,-0.32679184930234784,
-0.44422537446206517,-0.5747825519401388,0.3890693900274993,-0.35168337547386874,0.05955913626312434
0.5349907305066074,0.10565562371939952,-0.07284536859301283,-0.28983793794347257,-0.24858250134140347
1.349338384031687,1.13563107669559,0.3582990846935511,0.14789045430633369,0.34333136277737103
-0.1972649008881106,-0.7225055565004548,0.1280492598710588,0.5278386863662303,-0.4833229424661327
-0.5055681637592986,-0.6696411385757415,-0.10108323764092501,-0.5656314028093822,-0.07387459958431523
1.3732137042284378,0.2618405757254231,0.5193096952418318,0.5312288018726751,0.635869145739227
0.1460607051420454,0.021724126529564885,-0.20621212598459332,0.8002499724640596,0.6356058960053397
0.19385185065322938,0.3826889838658638,-0.08275257041456353,0.045892498931726554,-0.6116026732705281
1.0459986120284548,-0.12800445871913854,0.6803536315379596,0.4475734276397534,0.31072379364913194
-2.002724184734625,-0.8397599313026944,-0.5719132172089466,-0.3143237231635944,-0.6138082138116824
0.5414004804638304,-0.13719274888975308,-0.35610725701727436,-0.15647465761955112,-0.0785908676328323
1.154806797678079,0.6715970548473338,0.8360091500735813,0.14304143344464215,0.7325944423700739
0.6353293047855174,-0.10215619167213084,0.656704878127915,-0.42896118821776,0.47253500942403215
1.2546057578556582,1.2380232617344722,0.7845593075846761,0.5045180859074242,0.43172046244741213
-1.1692518201898998,-0.7915803163844327,-0.18671334368426462,-0.38753988075414214,0.2901915237836994
0.3847083813975601,0.8104050869051702,0.1872797754703672,0.3304880218821044,-0.5469998950521895
1.588033670085079,0.917319794477095,0.1175900941457289,0.2242975890018209,0.3941786633228082
-1.372065390291556,-0.30028392638301576,-0.3279919956128773,-0.5225368239128054,-0.19717965188356093
-1.043864870053134,-0.8775663440459635,-0.3874109558279345,0.6472545279221877,0.07372644889850069
0.6172823490597072,-0.2995286788454253,-0.31210749677971633,-0.009702567138182655,-0.09003897000801532
-0.5968367291768797,0.1571272484889668,-0.3409041012905179,0.20823255779647942,0.22357958666649935
-1.410379230585107,-0.8192235359504195,0.2513707587608734,-0.18703616359555875,-0.6576886652283437
1.0948353670438296,-0.5703582628836005,0.366677997151894,0.5825217525904928,-0.38823954981115516
-1.6518115688919903,-0.8323566837540799,-0.3666929721466627,-0.4873529801903646,0.28603888735620253
0.17824381738098613,,0.9193326426283833,0.4632241801391157,0.1715081692438635
-0.7243470611154814,-0.03370529117288098,-0.12475266218690864,-0.21138473638177074,-0.5497005381944117
0.14513238001314002,-0.4339148161954606,,-0.20627217444326568,-0.12782087087382957
0.41318351355930655,0.3621328946500957,0.21771542353131154,-0.6928238199697148,-0.12480771032553388
-0.8182780129030367,-1.1337212309305291,-0.42166458923798533,0.24692998215757073,-0.5401749128649627
-0.5602665867703414,-0.6671894275137127,-0.6605968456407825,-0.21110383592501925,0.7083547511504844
0.5977854343577558,0.6455179128374459,-0.13346677768994872,-0.5186111669617958,0.07138937906690374
-0.5134703023379249,0.03733806959269069,-0.7595854100201899,-0.12071707128386062,-0.5209148192724493
-0.4043712592106107,0.2667907635188768,-0.11979841303758615,-0.20104879699713868,-0.15707575520344474
1.5378893936262064,1.156592346803751,0.8714579500893236,0.7076200448360844,0.4270657389237904
-0.20197446403172803,0.3901202172618718,,-0.23308468338800814,0.5073992846362385
-0.1771715463302784,0.8063826724392293,,0.23502334394861846,0.23720389440318357
0.47653789583514766,0.16217545520967394,0.035526438937994446,,
-0.6788516361984076,0.1906088026267916,-0.09512024862727135,,-0.6822359398674674
,-0.4531923568699013,-0.994753845557601,-0.7314150295400936,-0.7262436224892136
0.5816954321028727,0.10991364763395506,-0.3538611325566451,-0.32280502358693947,-0.22372200650616508
-0.4648286436533866,-0.36102196749369475,-0.751720061431102,-0.565151229825217,-0.5978021411623938
-0.7313654811799752,-0.1941993315714707,-0.6866484677269165,-0.7791684867151804,-0.6219521069496665
1.0292545578879775,-0.15967982814759746,0.4136801472665863,0.13493582143196453,-0.17573698131391235
-0.3483344963137625,-0.350095092910284,0.32659359135171856,0.4180839405718217,0.21420652148780697
0.22468834628387804,-0.41964715585125584,0.7470807952707849,0.34597169243383635,-0.3083916545561353
1.8213092130011193,0.5350873603271874,0.3313994953997502,0.43201512940363734,0.46408024897395506
0.04783438476388577,-0.7648411458225395,-0.2096257932035059,0.5022436468036725,-0.4099193068126805
0.2394465849892887,0.1645573850764929,0.11440980261778196,0.2867425163435229,0.659533902738064
-0.5366179402912117,-0.6347359655402174,-0.28016539163486487,0.5720017642089402,0.21704450150429222
1.1857072955074544,1.2259828819421454,0.8374003550072197,0.5984959403221974,0.6235868177741193
0.4470153438202521,0.6821360160623353,,0.5353760032563667,0.34011637559548197
0.978187343135171,0.33667632617539794,-0.2979896000893576,0.20643859981075494,0.7214478823190082
-0.20380232547853097,-1.0407493896367705,-0.5574282901199434,-0.43533752430185985,0.33637901071661086
1.05065566606465,-0.19746967021651127,0.21432290531770556,0.5348960391065447,0.3465332530084899
-0.018134676364102157,0.12119434248036895,-0.031193513407586325,-0.25702710407870444,0.09678751369606967
0.9026777390058642,0.6266876786884082,0.16966896584823973,0.25493294536736455,-0.5059952769958007
-0.014768221030963438,-0.6283675186891827,-0.12630239700283744,0.4563460152445002,0.7320763376985513
-0.9540470854103814,-0.011302290961551026,0.3842814261966645,-0.3877024475550315,0.0819958763276055
0.3859322423217103,0.0737001762001601,-0.4231545149026988,-0.11261781116603704,0.4224340107087893
-0.5302270281054604,-0.6587297147634174,0.3393081595863942,-0.5610998958390853,0.36578334215710206
-0.8504901947588397,0.37909487482165033,-0.3976593049410617,-0.34135259416156233,-0.5226424343988717
0.26842881884350606,0.9462158944709762,0.7030611369528698,-0.19520874508778518,-0.07649487568158876
0.7051735515235117,0.629411523408732,0.07347137605237895,-0.1742672070906382,-0.13006545022294713
0.09903543855315765,-0.6164878232320397,0.248321941366092,-0.10935776554483405,0.4379230315513095
-1.0096457513550876,-0.08720286825542248,-0.14749653627278594,0.06422549800479478,-0.6477306651473259
0.6150575342744635,0.3058234054422138,0.19665379412576692,0.19410113511771182,0.26267870516130076
0.2335127086344919,-0.4036126508718019,0.34020909269247074,-0.12886996069890236,-0.6295635645878083
-0.1850443800542105,0.21100878877395648,0.621911068753116,0.3699296017692848,0.42961348334385535
-0.6832125685504832,-0.4904348852550816,-0.6290776828500083,-0.25435700977474696,-0.09821448435098053
-0.1684238515843509,0.015719158143725535,0.4230373366156783,0.4708668499619484,0.7418077247944443
1.4305165577031063,0.4155463630802301,0.03398295618441176,0.2713962524409337,0.42520243815337383
-0.6041302719205051,0.11621380691065217,0.5134500319369021,-0.13714608389494495,0.10698439297072955
-1.0279102357657133,-1.011759687208823,-0.4508695218085689,-0.36769452006497183,-0.7052727938011338
-1.014417859539012,0.26112305659959567,-0.42185913962938937,-0.03550569457435716,-0.29960403313359735
1.4298301037266248,-0.09782364137385084,0.14917628372999706,0.6112710132488799,0.5089800900253261
-0.7624269631974909,0.2389797427752618,-0.21079007527294039,-0.13287215927892979,-0.5455778980289541
-0.4412896966938581,0.5050775068643761,0.060862427648361125,-0.017599983381129627,0.3416310366281607
0.04875111741400244,-0.47445528268491893,0.14239935659749772,-0.4227918525759586,0.37418061969648314
-0.4652798976917867,0.11840861427528744,-0.9010353942612935,-0.6700380807600596,-0.3242221679828084
-0.9281534736836097,-0.35193784677352563,0.4556256176864368,-0.4102284293279497,-0.3394608198733015
0.13314689976141203,-0.04598133194544219,0.2750328491692706,-0.5972641750510722,-0.01850071352275247
-1.4523088516666192,-0.541434147966246,0.5180234755646425,-0.48295982669256726,0.048259321066216554
-0.4214680176123373,-0.02674501828124173,0.5180724492421841,-0.604026165831625,0.24380668443010653
0.7257302837232426,0.21876772652534143,0.49186207811482585,-0.6357343630651147,-0.12087898873484165
0.07471933461914565,0.774261226987805,0.720395320806046,-0.28638027306859454,0.22949429409389316
0.18990526565849622,0.33812180126777275,0.14667439960217096,0.6770395089815033,0.16154664645978814
-1.6972250199266712,-1.1976481700675592,-0.7283588836075855,-0.449591882606035,-0.37069484672003
0.6482926274500834,0.1999268397981898,0.04272306380448756,-0.4183756486793135,0.5360805470563704
-0.1949034177654966,-0.8180722031899565,0.1761496523171576,-0.06563520338648206,
0.5511939793337651,0.10929584259308095,-0.23098916509239492,0.7133228832002292,0.5209505979602513
0.46512967258126997,-0.04501397612810518,-0.0676027614401769,0.21976041055814982,0.06762692881458153
-1.0926838103361407,-0.03856555143904701,0.28846118727543135,-0.18965803335778111,-0.666928326549854
-0.6226924838131269,-0.9381365845553763,-0.5526181562404697,-0.5086626659433456,-0.25273082247366985
1.162682909786855,0.19110348840990707,-0.18230899105747317,0.6294948261907978,0.5650208855419043
1.3677727260537071,-0.11574660239742592,0.19405725107626629,0.743664253982409,0.404900097932086
-0.8434099740215772,-0.5788404830812002,0.09853747205040418,0.5704160432440778,0.05760898174149763
0.04380466987392719,-0.4935034396475355,0.30650236724493535,0.40410992359161046,-0.1779990069857242
0.5555776287284007,0.4259654623737357,-0.5316910278560156,-0.03180045104446722,-0.3168526046553758
1.0969461074377977,0.2893755472625798,0.2698786399772042,0.3757274326653623,-0.15485159496433584
1.106887958065585,0.05001662139593556,-0.34995255426426486,0.3552296309294999,0.4365297912909883
0.6271906601923001,1.147302983540962,0.737193447585811,-0.1600596827569971,0.7197386469565749
-0.6454875701779581,-0.5005645356783658,-0.29499554226592406,0.5841862575069429,
-0.8050147317289164,0.06962972710800587,0.18272253447221423,-0.4544640526095854,0.5692401580966645
1.480312994021445,0.6551695873495074,0.8797539779094625,0.03247366217071701,0.7206151653295034
0.5917028250635574,0.06856664600852884,-0.4141914428113593,0.4998849137448775,-0.10793413912592192
-0.862364130670563,-0.6277505637488096,0.18573441151661127,0.10301903830093662,0.3265155495213882
0.519053872863741,-0.42441305183675,0.388591158590531,-0.31975936557706025,0.5331590883908114
0.6056116937356698,0.14369961604402154,0.25083394324476105,-0.26215097773281437,-0.04291759225186096
0.8017545450732771,0.02576607115841396,-0.09623677716500019,0.09026486065996062,0.488610508830114
-0.4476395218528837,-0.5112096686862768,0.28613780602209515,0.325728096427046,-0.5944651004608615
-0.8532211135364968,-0.5878041816750564,-0.15683963062608666,0.006613747464663166,0.3703867174449333
,0.2047795319969688,-0.12290773367284821,0.45770248362183685,-0.04274005696393776
0.7840547280682575,-0.11048865567547088,-0.5849137308340173,0.18828699791218,-0.2603387985738241
-0.21243267769013263,-1.0201813593695788,-0.4859995496756929,0.40421236271113026,-0.4061027846133276
0.859686844983796,-0.17611505772425481,0.29201184791472495,0.26892162412135123,0.0188370432755408
-1.2611011165703407,-0.8361301802810744,-0.7301668373656583,-0.22192990302526813,0.22798817806795715
2.104335936953659,1.059061984309369,0.5729891201464435,0.44325262114984343,0.2455858072429626
-0.2107083253575516,0.6006461748469001,0.1357320307835034,-0.03380090239370131,-0.5790557997515251
0.1491559420113552,0.16341495369512474,0.5339483414714093,0.027935767894710396,-0.17802797169979034
0.09457559488981557,-0.7488812647859622,-0.18406844004355666,-0.5536754724496642,0.3571056861455934
1.1126624888403436,0.09100790533222079,0.6406326169124895,-0.16090435232268024,0.6114457723904464
1.2278927066477987,0.4630155581684282,-0.5008978970919266,0.6998154961286354,0.3374077106045821
-0.16212152638584634,0.2852813631667385,-0.3591423465111432,0.39317782279324115,-0.5766876578273181
-0.8221023852517458,-0.6638017275520132,-0.898655398998572,-0.4983002331051687,-0.7258036695258526
-0.6664777364669965,-0.4668998789611753,0.006399201065747449,-0.3367348278147786,-0.2978274101399564
1.0655823176059664,-0.2004177704387375,0.807444928815966,0.531245416779978,0.24978314816120525
-0.5614218084821246,0.08293330292271568,-0.7299221552985442,-0.6528744078830856,-0.3877482354660168
1.2329435374019764,-0.2999692020730579,0.4331375500050442,0.782959121135085,0.5294660935506162
-0.36839350133242155,-0.6839948367857525,0.3988264217042229,0.020006790503404127,-0.5731857204348015
0.6445371318256026,1.2003247910172807,0.5190252765289921,0.5630225549372555,0.5641233663988686
-0.2265205069102951,-0.1396503994095638,-0.19504310582868098,-0.2695426220600439,-0.09735620296799218
1.0820167634757134,0.5293821304474081,0.6287702827974033,-0.045294755616956305,0.15940658862027646
0.215649998001807,0.21983500613901674,0.22861584583075442,-0.35486999765926047,0.01840391590493123
-0.2375667743448166,0.14244176035358422,0.2052981186003625,0.3426202876841263,0.6706312511405188
0.19105404738970957,0.19678152075779715,-0.10885387119454036,0.05481592869184614,-0.6386824239229116
-1.6696866510073733,-0.6654369826949592,-0.33524251507515973,-0.7281306168272449,-0.5358367385610228
-0.46168646107229583,0.4644267448222686,-0.38330419941567323,-0.11541231143917491,-0.4523691984399257
-0.8071492741084467,-0.9128071046520981,-0.6368232232362064,-0.12525484831716158,-0.7360719370776911
-2.4490937596439366,-1.1006430878020401,-0.9118197038676682,-0.5834815388067743,-0.2398615671918572
0.8734869846469404,0.3261925368761897,0.11448117837310173,-0.1528937103672188,0.6426805330857873
-1.2208376267677292,-0.8586314266621285,-0.009843142702992705,-0.573640838041362,-0.23039077283277418
1.2082141878934143,1.0237778289290693,0.2476367093450678,0.42359497358333936,0.7335751252302979
-1.2824456011790932,-0.5529248878011067,-0.22376134811163975,-0.13336409820832087,-0.132448245858453
1.2350880355931053,0.5795133757150426,0.22585795792031957,-0.16349051774090662,0.48197332732364406
0.46423794821273107,-0.08287682841305369,-0.8962178430778536,0.05203265525350342,-0.6681507057243269
-1.0068356244937802,-0.8367231975862373,,0.13951798204482752,-0.5738486528950871
-1.0123007883054402,-0.3794207529450796,-0.3627455088237558,-0.541778020219619,-0.12064905307248901
-0.09572675282641416,-0.834583717256908,-0.5296933593597125,-0.06622250543088923,
-0.005202081648466324,-0.08230432764833442,-0.3691627801705004,-0.018597975166663682,-0.7291868897035473
1.5718756105728753,1.080281864452574,0.3872452531804592,0.5773153210789649,0.3333917374768563
-1.0967941846846414,0.12378044257699215,-0.7959582624844594,-0.060638094033247165,-0.532691424996101
-1.1991335731411648,-0.2505704935548013,-0.2922069161745458,0.0039698469809283776,0.1149147352474491
-1.2241407861210287,-0.5081286516418415,0.12496650841784386,-0.14563647979069635,0.3411327627724741
0.9514701331268116,0.8207800106305847,0.3400391998353065,-0.04395932492885819,0.2574668754041839
-0.12311588565819769,0.06984673624586944,0.5429073500010768,0.016064804329500987,0.4441495873123407
1.149806692932527,0.7927169603835711,0.5514949671896535,-0.14841929598525133,-0.2696230849240189
0.6094758417432035,0.06329071065689698,0.2985335904517372,0.33709903809915126,0.28044746870884946
-0.7447424560137359,-0.5117417135637397,-0.0799418202050682,-0.3714174929984181,0.5806730996005394
-0.8002345191690216,-0.8160559796560282,-0.6318182016935919,0.24008174702448074,0.20378389438793246
-0.9317213448467079,-0.7588605613760825,-0.1363165082321278,-0.20483531063711252,0.26365027570562594
0.4051425225348774,-0.28912730062168795,-0.28754254984700683,0.652717847789135,-0.0684701978933686
-0.658470177386215,-0.8038874665307376,-0.18126300763839812,-0.6435765360280694,0.008120134069347232
-0.41145185159690495,-0.8180932554189353,-0.9157680612906633,-0.674038264261533,-0.1667356309624429
-1.214031170487799,-0.7559746680417343,0.30143502494284796,-0.11967195943395459,-0.31371653839407787
1.005067746649198,-0.11520177667429679,0.7903965073006348,-0.13789313736898906,0.5781524696526977
1.2361305393493993,1.1475438538093263,0.8529773143724065,-0.15104859781862146,0.6864163208040206
-0.8136112036539852,-0.5248398466410894,-0.3651454312396249,-0.04688648359198117,-0.5148172164270125
0.8029494266947407,0.3718528907606134,,0.43782892967036635,-0.08865513603765758
-1.7254596975933156,-0.925066849100296,-0.6834091969297793,-0.6512064118083016,-0.23452170159475766
-0.029421423670324815,0.8270877299215594,0.0679940733707954,-0.1844971980217137,0.119778842370367
-0.7760094527675117,-0.062037707973419676,0.15384630962272072,-0.04453611690914205,-0.1462056953179923
1.7374483817265212,0.8466619261977533,0.26070297601230263,0.1308290624771121,0.17960735022253177
-1.152482553159873,-0.5243854853653472,-0.7041350374047373,-0.020527729241256804,0.0640436001107985
0.6928668841017085,1.2195897437022034,0.721771661080251,0.31334933979940166,0.04969716624803586
0.4376465096104447,-0.3564652541387331,0.4340348476811498,-0.42436565040529134,0.43794287561707307
-0.12714476233881417,,0.5527377319758042,-0.4907757296196072,-0.05555866910698378
1.2925116116842563,0.21507403873788616,0.5447820101790963,0.0838893441386713,-0.1855757984976714
-0.6270625744675076,-0.33340420247047964,0.37053377688975475,-0.1515710781731884,0.016783920396764525
0.986332154351866,0.5513713234703533,0.6939059766813824,0.6288714803445399,-0.1375641423016538
